{"accuracy": 0.8476190476190476, "specificity": 0.0625, "sensitivity": 0.9887640449438202}