{"accuracy": 0.5333333333333333, "specificity": 0.625, "sensitivity": 0.5168539325842697}